Time,Sample#,Type,Sub,Chan,Num,Aux
[21:30:30.000],30,"""",0,0,0,W
[21:31:00.000],60,"""",0,0,0,W
[21:31:30.000],90,"""",0,0,0,W
[21:32:00.000],120,"""",0,0,0,W
[21:32:30.000],150,"""",0,0,0,W
[21:33:00.000],180,"""",0,0,0,W
[21:33:30.000],210,"""",0,0,0,W
[21:34:00.000],240,"""",0,0,0,W
[21:34:30.000],270,"""",0,0,0,W
[21:35:00.000],300,"""",0,0,0,W
[21:35:30.000],330,"""",0,0,0,W
[21:36:00.000],360,"""",0,0,0,W
[21:36:30.000],390,"""",0,0,0,W
[21:37:00.000],420,"""",0,0,0,W
[21:37:30.000],450,"""",0,0,0,W
[21:38:00.000],480,"""",0,0,0,W
[21:38:30.000],510,"""",0,0,0,W
[21:39:00.000],540,"""",0,0,0,1
[21:39:30.000],570,"""",0,0,0,2
[21:40:00.000],600,"""",0,0,0,W
[21:40:30.000],630,"""",0,0,0,W
[21:41:00.000],660,"""",0,0,0,W
[21:41:30.000],690,"""",0,0,0,W
[21:42:00.000],720,"""",0,0,0,W
[21:42:30.000],750,"""",0,0,0,W
[21:43:00.000],780,"""",0,0,0,W
[21:43:30.000],810,"""",0,0,0,W
[21:44:00.000],840,"""",0,0,0,W
[21:44:30.000],870,"""",0,0,0,W
[21:45:00.000],900,"""",0,0,0,W
[21:45:30.000],930,"""",0,0,0,W
[21:46:00.000],960,"""",0,0,0,W
[21:46:30.000],990,"""",0,0,0,W
[21:47:00.000],1020,"""",0,0,0,W
[21:47:30.000],1050,"""",0,0,0,W
[21:48:00.000],1080,"""",0,0,0,W
[21:48:30.000],1110,"""",0,0,0,W
[21:49:00.000],1140,"""",0,0,0,W
[21:49:30.000],1170,"""",0,0,0,2
[21:50:00.000],1200,"""",0,0,0,W
[21:50:30.000],1230,"""",0,0,0,W
[21:51:00.000],1260,"""",0,0,0,W
[21:51:30.000],1290,"""",0,0,0,W
[21:52:00.000],1320,"""",0,0,0,W
[21:52:30.000],1350,"""",0,0,0,W
[21:53:00.000],1380,"""",0,0,0,W
[21:53:30.000],1410,"""",0,0,0,1
[21:54:00.000],1440,"""",0,0,0,1
[21:54:30.000],1470,"""",0,0,0,1
[21:55:00.000],1500,"""",0,0,0,W
[21:55:30.000],1530,"""",0,0,0,W
[21:56:00.000],1560,"""",0,0,0,W
[21:56:30.000],1590,"""",0,0,0,W
[21:57:00.000],1620,"""",0,0,0,W
[21:57:30.000],1650,"""",0,0,0,W
[21:58:00.000],1680,"""",0,0,0,1
[21:58:30.000],1710,"""",0,0,0,2
[21:59:00.000],1740,"""",0,0,0,2
[21:59:30.000],1770,"""",0,0,0,2
[22:00:00.000],1800,"""",0,0,0,2
[22:00:30.000],1830,"""",0,0,0,2
[22:01:00.000],1860,"""",0,0,0,2
[22:01:30.000],1890,"""",0,0,0,2
[22:02:00.000],1920,"""",0,0,0,2
[22:02:30.000],1950,"""",0,0,0,W
[22:03:00.000],1980,"""",0,0,0,W
[22:03:30.000],2010,"""",0,0,0,W
[22:04:00.000],2040,"""",0,0,0,W
[22:04:30.000],2070,"""",0,0,0,W
[22:05:00.000],2100,"""",0,0,0,W
[22:05:30.000],2130,"""",0,0,0,W
[22:06:00.000],2160,"""",0,0,0,W
[22:06:30.000],2190,"""",0,0,0,W
[22:07:00.000],2220,"""",0,0,0,W
[22:07:30.000],2250,"""",0,0,0,W
[22:08:00.000],2280,"""",0,0,0,W
[22:08:30.000],2310,"""",0,0,0,W
[22:09:00.000],2340,"""",0,0,0,W
[22:09:30.000],2370,"""",0,0,0,W
[22:10:00.000],2400,"""",0,0,0,W
[22:10:30.000],2430,"""",0,0,0,W
[22:11:00.000],2460,"""",0,0,0,W
[22:11:30.000],2490,"""",0,0,0,W
[22:12:00.000],2520,"""",0,0,0,W
[22:12:30.000],2550,"""",0,0,0,W
[22:13:00.000],2580,"""",0,0,0,W
[22:13:30.000],2610,"""",0,0,0,W
[22:14:00.000],2640,"""",0,0,0,W
[22:14:30.000],2670,"""",0,0,0,W
[22:15:00.000],2700,"""",0,0,0,W
[22:15:30.000],2730,"""",0,0,0,W
[22:16:00.000],2760,"""",0,0,0,W
[22:16:30.000],2790,"""",0,0,0,W
[22:17:00.000],2820,"""",0,0,0,W
[22:17:30.000],2850,"""",0,0,0,W
[22:18:00.000],2880,"""",0,0,0,W
[22:18:30.000],2910,"""",0,0,0,W
[22:19:00.000],2940,"""",0,0,0,W
[22:19:30.000],2970,"""",0,0,0,W
[22:20:00.000],3000,"""",0,0,0,W
[22:20:30.000],3030,"""",0,0,0,W
[22:21:00.000],3060,"""",0,0,0,W
[22:21:30.000],3090,"""",0,0,0,W
[22:22:00.000],3120,"""",0,0,0,W
[22:22:30.000],3150,"""",0,0,0,W
[22:23:00.000],3180,"""",0,0,0,W
[22:23:30.000],3210,"""",0,0,0,W
[22:24:00.000],3240,"""",0,0,0,W
[22:24:30.000],3270,"""",0,0,0,W
[22:25:00.000],3300,"""",0,0,0,W
[22:25:30.000],3330,"""",0,0,0,W
[22:26:00.000],3360,"""",0,0,0,W
[22:26:30.000],3390,"""",0,0,0,W
[22:27:00.000],3420,"""",0,0,0,W
[22:27:30.000],3450,"""",0,0,0,W
[22:28:00.000],3480,"""",0,0,0,W
[22:28:30.000],3510,"""",0,0,0,W
[22:29:00.000],3540,"""",0,0,0,W
[22:29:30.000],3570,"""",0,0,0,W
[22:30:00.000],3600,"""",0,0,0,W
[22:30:30.000],3630,"""",0,0,0,W
[22:31:00.000],3660,"""",0,0,0,W
[22:31:30.000],3690,"""",0,0,0,W
[22:32:00.000],3720,"""",0,0,0,W
[22:32:30.000],3750,"""",0,0,0,W
[22:33:00.000],3780,"""",0,0,0,W
[22:33:30.000],3810,"""",0,0,0,W
[22:34:00.000],3840,"""",0,0,0,W
[22:34:30.000],3870,"""",0,0,0,W
[22:35:00.000],3900,"""",0,0,0,W
[22:35:30.000],3930,"""",0,0,0,W
[22:36:00.000],3960,"""",0,0,0,W
[22:36:30.000],3990,"""",0,0,0,W
[22:37:00.000],4020,"""",0,0,0,W
[22:37:30.000],4050,"""",0,0,0,W
[22:38:00.000],4080,"""",0,0,0,1
[22:38:30.000],4110,"""",0,0,0,1
[22:39:00.000],4140,"""",0,0,0,2
[22:39:30.000],4170,"""",0,0,0,2
[22:40:00.000],4200,"""",0,0,0,2
[22:40:30.000],4230,"""",0,0,0,2
[22:41:00.000],4260,"""",0,0,0,2
[22:41:30.000],4290,"""",0,0,0,2
[22:42:00.000],4320,"""",0,0,0,3
[22:42:30.000],4350,"""",0,0,0,2
[22:43:00.000],4380,"""",0,0,0,2
[22:43:30.000],4410,"""",0,0,0,2
[22:44:00.000],4440,"""",0,0,0,2
[22:44:30.000],4470,"""",0,0,0,2
[22:45:00.000],4500,"""",0,0,0,2
[22:45:30.000],4530,"""",0,0,0,2
[22:46:00.000],4560,"""",0,0,0,2
[22:46:30.000],4590,"""",0,0,0,2
[22:47:00.000],4620,"""",0,0,0,3
[22:47:30.000],4650,"""",0,0,0,2
[22:48:00.000],4680,"""",0,0,0,3
[22:48:30.000],4710,"""",0,0,0,2
[22:49:00.000],4740,"""",0,0,0,3
[22:49:30.000],4770,"""",0,0,0,3
[22:50:00.000],4800,"""",0,0,0,2
[22:50:30.000],4830,"""",0,0,0,3
[22:51:00.000],4860,"""",0,0,0,3
[22:51:30.000],4890,"""",0,0,0,3
[22:52:00.000],4920,"""",0,0,0,3
[22:52:30.000],4950,"""",0,0,0,3
[22:53:00.000],4980,"""",0,0,0,3
[22:53:30.000],5010,"""",0,0,0,3
[22:54:00.000],5040,"""",0,0,0,3
[22:54:30.000],5070,"""",0,0,0,3
[22:55:00.000],5100,"""",0,0,0,3
[22:55:30.000],5130,"""",0,0,0,3
[22:56:00.000],5160,"""",0,0,0,3
[22:56:30.000],5190,"""",0,0,0,3
[22:57:00.000],5220,"""",0,0,0,3
[22:57:30.000],5250,"""",0,0,0,3
[22:58:00.000],5280,"""",0,0,0,3
[22:58:30.000],5310,"""",0,0,0,3
[22:59:00.000],5340,"""",0,0,0,3
[22:59:30.000],5370,"""",0,0,0,3
[23:00:00.000],5400,"""",0,0,0,3
[23:00:30.000],5430,"""",0,0,0,3
[23:01:00.000],5460,"""",0,0,0,3
[23:01:30.000],5490,"""",0,0,0,3
[23:02:00.000],5520,"""",0,0,0,3
[23:02:30.000],5550,"""",0,0,0,3
[23:03:00.000],5580,"""",0,0,0,3
[23:03:30.000],5610,"""",0,0,0,3
[23:04:00.000],5640,"""",0,0,0,3
[23:04:30.000],5670,"""",0,0,0,3
[23:05:00.000],5700,"""",0,0,0,3
[23:05:30.000],5730,"""",0,0,0,3
[23:06:00.000],5760,"""",0,0,0,3
[23:06:30.000],5790,"""",0,0,0,3
[23:07:00.000],5820,"""",0,0,0,3
[23:07:30.000],5850,"""",0,0,0,3
[23:08:00.000],5880,"""",0,0,0,3
[23:08:30.000],5910,"""",0,0,0,3
[23:09:00.000],5940,"""",0,0,0,3
[23:09:30.000],5970,"""",0,0,0,3
[23:10:00.000],6000,"""",0,0,0,3
[23:10:30.000],6030,"""",0,0,0,3
[23:11:00.000],6060,"""",0,0,0,3
[23:11:30.000],6090,"""",0,0,0,3
[23:12:00.000],6120,"""",0,0,0,3
[23:12:30.000],6150,"""",0,0,0,3
[23:13:00.000],6180,"""",0,0,0,3
[23:13:30.000],6210,"""",0,0,0,3
[23:14:00.000],6240,"""",0,0,0,3
[23:14:30.000],6270,"""",0,0,0,3
[23:15:00.000],6300,"""",0,0,0,3
[23:15:30.000],6330,"""",0,0,0,3
[23:16:00.000],6360,"""",0,0,0,3
[23:16:30.000],6390,"""",0,0,0,3
[23:17:00.000],6420,"""",0,0,0,3
[23:17:30.000],6450,"""",0,0,0,3
[23:18:00.000],6480,"""",0,0,0,3
[23:18:30.000],6510,"""",0,0,0,3
[23:19:00.000],6540,"""",0,0,0,3
[23:19:30.000],6570,"""",0,0,0,3
[23:20:00.000],6600,"""",0,0,0,3
[23:20:30.000],6630,"""",0,0,0,3
[23:21:00.000],6660,"""",0,0,0,3
[23:21:30.000],6690,"""",0,0,0,3
[23:22:00.000],6720,"""",0,0,0,3
[23:22:30.000],6750,"""",0,0,0,3
[23:23:00.000],6780,"""",0,0,0,3
[23:23:30.000],6810,"""",0,0,0,2
[23:24:00.000],6840,"""",0,0,0,2
[23:24:30.000],6870,"""",0,0,0,2
[23:25:00.000],6900,"""",0,0,0,2
[23:25:30.000],6930,"""",0,0,0,2
[23:26:00.000],6960,"""",0,0,0,2
[23:26:30.000],6990,"""",0,0,0,2
[23:27:00.000],7020,"""",0,0,0,2
[23:27:30.000],7050,"""",0,0,0,2
[23:28:00.000],7080,"""",0,0,0,2
[23:28:30.000],7110,"""",0,0,0,2
[23:29:00.000],7140,"""",0,0,0,2
[23:29:30.000],7170,"""",0,0,0,2
[23:30:00.000],7200,"""",0,0,0,2
[23:30:30.000],7230,"""",0,0,0,2
[23:31:00.000],7260,"""",0,0,0,2
[23:31:30.000],7290,"""",0,0,0,2
[23:32:00.000],7320,"""",0,0,0,2
[23:32:30.000],7350,"""",0,0,0,2
[23:33:00.000],7380,"""",0,0,0,2
[23:33:30.000],7410,"""",0,0,0,2
[23:34:00.000],7440,"""",0,0,0,2
[23:34:30.000],7470,"""",0,0,0,2
[23:35:00.000],7500,"""",0,0,0,2
[23:35:30.000],7530,"""",0,0,0,2
[23:36:00.000],7560,"""",0,0,0,2
[23:36:30.000],7590,"""",0,0,0,2
[23:37:00.000],7620,"""",0,0,0,2
[23:37:30.000],7650,"""",0,0,0,2
[23:38:00.000],7680,"""",0,0,0,2
[23:38:30.000],7710,"""",0,0,0,2
[23:39:00.000],7740,"""",0,0,0,2
[23:39:30.000],7770,"""",0,0,0,2
[23:40:00.000],7800,"""",0,0,0,2
[23:40:30.000],7830,"""",0,0,0,2
[23:41:00.000],7860,"""",0,0,0,2
[23:41:30.000],7890,"""",0,0,0,2
[23:42:00.000],7920,"""",0,0,0,2
[23:42:30.000],7950,"""",0,0,0,2
[23:43:00.000],7980,"""",0,0,0,2
[23:43:30.000],8010,"""",0,0,0,2
[23:44:00.000],8040,"""",0,0,0,2
[23:44:30.000],8070,"""",0,0,0,2
[23:45:00.000],8100,"""",0,0,0,2
[23:45:30.000],8130,"""",0,0,0,2
[23:46:00.000],8160,"""",0,0,0,2
[23:46:30.000],8190,"""",0,0,0,2
[23:47:00.000],8220,"""",0,0,0,2
[23:47:30.000],8250,"""",0,0,0,2
[23:48:00.000],8280,"""",0,0,0,2
[23:48:30.000],8310,"""",0,0,0,2
[23:49:00.000],8340,"""",0,0,0,2
[23:49:30.000],8370,"""",0,0,0,2
[23:50:00.000],8400,"""",0,0,0,3
[23:50:30.000],8430,"""",0,0,0,2
[23:51:00.000],8460,"""",0,0,0,3
[23:51:30.000],8490,"""",0,0,0,2
[23:52:00.000],8520,"""",0,0,0,2
[23:52:30.000],8550,"""",0,0,0,2
[23:53:00.000],8580,"""",0,0,0,3
[23:53:30.000],8610,"""",0,0,0,2
[23:54:00.000],8640,"""",0,0,0,3
[23:54:30.000],8670,"""",0,0,0,2
[23:55:00.000],8700,"""",0,0,0,2
[23:55:30.000],8730,"""",0,0,0,2
[23:56:00.000],8760,"""",0,0,0,3
[23:56:30.000],8790,"""",0,0,0,2
[23:57:00.000],8820,"""",0,0,0,3
[23:57:30.000],8850,"""",0,0,0,3
[23:58:00.000],8880,"""",0,0,0,3
[23:58:30.000],8910,"""",0,0,0,3
[23:59:00.000],8940,"""",0,0,0,3
[23:59:30.000],8970,"""",0,0,0,3
[00:00:00.000,9000,"""",0,0,0,3
[00:00:30.000,9030,"""",0,0,0,3
[00:01:00.000,9060,"""",0,0,0,3
[00:01:30.000,9090,"""",0,0,0,3
[00:02:00.000,9120,"""",0,0,0,3
[00:02:30.000,9150,"""",0,0,0,3
[00:03:00.000,9180,"""",0,0,0,3
[00:03:30.000,9210,"""",0,0,0,2
[00:04:00.000,9240,"""",0,0,0,3
[00:04:30.000,9270,"""",0,0,0,3
[00:05:00.000,9300,"""",0,0,0,3
[00:05:30.000,9330,"""",0,0,0,3
[00:06:00.000,9360,"""",0,0,0,3
[00:06:30.000,9390,"""",0,0,0,3
[00:07:00.000,9420,"""",0,0,0,3
[00:07:30.000,9450,"""",0,0,0,3
[00:08:00.000,9480,"""",0,0,0,3
[00:08:30.000,9510,"""",0,0,0,3
[00:09:00.000,9540,"""",0,0,0,3
[00:09:30.000,9570,"""",0,0,0,3
[00:10:00.000,9600,"""",0,0,0,3
[00:10:30.000,9630,"""",0,0,0,3
[00:11:00.000,9660,"""",0,0,0,3
[00:11:30.000,9690,"""",0,0,0,3
[00:12:00.000,9720,"""",0,0,0,3
[00:12:30.000,9750,"""",0,0,0,3
[00:13:00.000,9780,"""",0,0,0,3
[00:13:30.000,9810,"""",0,0,0,3
[00:14:00.000,9840,"""",0,0,0,3
[00:14:30.000,9870,"""",0,0,0,3
[00:15:00.000,9900,"""",0,0,0,3
[00:15:30.000,9930,"""",0,0,0,3
[00:16:00.000,9960,"""",0,0,0,2
[00:16:30.000,9990,"""",0,0,0,2
[00:17:00.000,10020,"""",0,0,0,2
[00:17:30.000,10050,"""",0,0,0,2
[00:18:00.000,10080,"""",0,0,0,3
[00:18:30.000,10110,"""",0,0,0,3
[00:19:00.000,10140,"""",0,0,0,2
[00:19:30.000,10170,"""",0,0,0,2
[00:20:00.000,10200,"""",0,0,0,3
[00:20:30.000,10230,"""",0,0,0,3
[00:21:00.000,10260,"""",0,0,0,3
[00:21:30.000,10290,"""",0,0,0,3
[00:22:00.000,10320,"""",0,0,0,3
[00:22:30.000,10350,"""",0,0,0,3
[00:23:00.000,10380,"""",0,0,0,3
[00:23:30.000,10410,"""",0,0,0,3
[00:24:00.000,10440,"""",0,0,0,3
[00:24:30.000,10470,"""",0,0,0,3
[00:25:00.000,10500,"""",0,0,0,3
[00:25:30.000,10530,"""",0,0,0,3
[00:26:00.000,10560,"""",0,0,0,3
[00:26:30.000,10590,"""",0,0,0,3
[00:27:00.000,10620,"""",0,0,0,3
[00:27:30.000,10650,"""",0,0,0,3
[00:28:00.000,10680,"""",0,0,0,3
[00:28:30.000,10710,"""",0,0,0,3
[00:29:00.000,10740,"""",0,0,0,3
[00:29:30.000,10770,"""",0,0,0,3
[00:30:00.000,10800,"""",0,0,0,3
[00:30:30.000,10830,"""",0,0,0,3
[00:31:00.000,10860,"""",0,0,0,3
[00:31:30.000,10890,"""",0,0,0,3
[00:32:00.000,10920,"""",0,0,0,3
[00:32:30.000,10950,"""",0,0,0,3
[00:33:00.000,10980,"""",0,0,0,3
[00:33:30.000,11010,"""",0,0,0,3
[00:34:00.000,11040,"""",0,0,0,3
[00:34:30.000,11070,"""",0,0,0,3
[00:35:00.000,11100,"""",0,0,0,3
[00:35:30.000,11130,"""",0,0,0,3
[00:36:00.000,11160,"""",0,0,0,3
[00:36:30.000,11190,"""",0,0,0,3
[00:37:00.000,11220,"""",0,0,0,3
[00:37:30.000,11250,"""",0,0,0,3
[00:38:00.000,11280,"""",0,0,0,3
[00:38:30.000,11310,"""",0,0,0,3
[00:39:00.000,11340,"""",0,0,0,3
[00:39:30.000,11370,"""",0,0,0,3
[00:40:00.000,11400,"""",0,0,0,3
[00:40:30.000,11430,"""",0,0,0,3
[00:41:00.000,11460,"""",0,0,0,3
[00:41:30.000,11490,"""",0,0,0,3
[00:42:00.000,11520,"""",0,0,0,3
[00:42:30.000,11550,"""",0,0,0,3
[00:43:00.000,11580,"""",0,0,0,3
[00:43:30.000,11610,"""",0,0,0,3
[00:44:00.000,11640,"""",0,0,0,3
[00:44:30.000,11670,"""",0,0,0,3
[00:45:00.000,11700,"""",0,0,0,3
[00:45:30.000,11730,"""",0,0,0,3
[00:46:00.000,11760,"""",0,0,0,3
[00:46:30.000,11790,"""",0,0,0,3
[00:47:00.000,11820,"""",0,0,0,3
[00:47:30.000,11850,"""",0,0,0,3
[00:48:00.000,11880,"""",0,0,0,3
[00:48:30.000,11910,"""",0,0,0,3
[00:49:00.000,11940,"""",0,0,0,3
[00:49:30.000,11970,"""",0,0,0,3
[00:50:00.000,12000,"""",0,0,0,3
[00:50:30.000,12030,"""",0,0,0,3
[00:51:00.000,12060,"""",0,0,0,3
[00:51:30.000,12090,"""",0,0,0,3
[00:52:00.000,12120,"""",0,0,0,3
[00:52:30.000,12150,"""",0,0,0,3
[00:53:00.000,12180,"""",0,0,0,3
[00:53:30.000,12210,"""",0,0,0,3
[00:54:00.000,12240,"""",0,0,0,3
[00:54:30.000,12270,"""",0,0,0,3
[00:55:00.000,12300,"""",0,0,0,W
[00:55:30.000,12330,"""",0,0,0,2
[00:56:00.000,12360,"""",0,0,0,2
[00:56:30.000,12390,"""",0,0,0,2
[00:57:00.000,12420,"""",0,0,0,2
[00:57:30.000,12450,"""",0,0,0,2
[00:58:00.000,12480,"""",0,0,0,2
[00:58:30.000,12510,"""",0,0,0,2
[00:59:00.000,12540,"""",0,0,0,2
[00:59:30.000,12570,"""",0,0,0,2
[01:00:00.000,12600,"""",0,0,0,2
[01:00:30.000,12630,"""",0,0,0,2
[01:01:00.000,12660,"""",0,0,0,2
[01:01:30.000,12690,"""",0,0,0,R
[01:02:00.000,12720,"""",0,0,0,R
[01:02:30.000,12750,"""",0,0,0,R
[01:03:00.000,12780,"""",0,0,0,R
[01:03:30.000,12810,"""",0,0,0,R
[01:04:00.000,12840,"""",0,0,0,R
[01:04:30.000,12870,"""",0,0,0,R
[01:05:00.000,12900,"""",0,0,0,1
[01:05:30.000,12930,"""",0,0,0,R
[01:06:00.000,12960,"""",0,0,0,R
[01:06:30.000,12990,"""",0,0,0,R
[01:07:00.000,13020,"""",0,0,0,R
[01:07:30.000,13050,"""",0,0,0,R
[01:08:00.000,13080,"""",0,0,0,R
[01:08:30.000,13110,"""",0,0,0,R
[01:09:00.000,13140,"""",0,0,0,R
[01:09:30.000,13170,"""",0,0,0,R
[01:10:00.000,13200,"""",0,0,0,R
[01:10:30.000,13230,"""",0,0,0,R
[01:11:00.000,13260,"""",0,0,0,R
[01:11:30.000,13290,"""",0,0,0,R
[01:12:00.000,13320,"""",0,0,0,R
[01:12:30.000,13350,"""",0,0,0,R
[01:13:00.000,13380,"""",0,0,0,R
[01:13:30.000,13410,"""",0,0,0,R
[01:14:00.000,13440,"""",0,0,0,1
[01:14:30.000,13470,"""",0,0,0,2
[01:15:00.000,13500,"""",0,0,0,2
[01:15:30.000,13530,"""",0,0,0,2
[01:16:00.000,13560,"""",0,0,0,2
[01:16:30.000,13590,"""",0,0,0,2
[01:17:00.000,13620,"""",0,0,0,2
[01:17:30.000,13650,"""",0,0,0,2
[01:18:00.000,13680,"""",0,0,0,2
[01:18:30.000,13710,"""",0,0,0,2
[01:19:00.000,13740,"""",0,0,0,2
[01:19:30.000,13770,"""",0,0,0,2
[01:20:00.000,13800,"""",0,0,0,2
[01:20:30.000,13830,"""",0,0,0,2
[01:21:00.000,13860,"""",0,0,0,2
[01:21:30.000,13890,"""",0,0,0,2
[01:22:00.000,13920,"""",0,0,0,2
[01:22:30.000,13950,"""",0,0,0,2
[01:23:00.000,13980,"""",0,0,0,2
[01:23:30.000,14010,"""",0,0,0,2
[01:24:00.000,14040,"""",0,0,0,2
[01:24:30.000,14070,"""",0,0,0,2
[01:25:00.000,14100,"""",0,0,0,2
[01:25:30.000,14130,"""",0,0,0,2
[01:26:00.000,14160,"""",0,0,0,3
[01:26:30.000,14190,"""",0,0,0,2
[01:27:00.000,14220,"""",0,0,0,2
[01:27:30.000,14250,"""",0,0,0,2
[01:28:00.000,14280,"""",0,0,0,2
[01:28:30.000,14310,"""",0,0,0,2
[01:29:00.000,14340,"""",0,0,0,3
[01:29:30.000,14370,"""",0,0,0,2
[01:30:00.000,14400,"""",0,0,0,2
[01:30:30.000,14430,"""",0,0,0,2
[01:31:00.000,14460,"""",0,0,0,2
[01:31:30.000,14490,"""",0,0,0,2
[01:32:00.000,14520,"""",0,0,0,2
[01:32:30.000,14550,"""",0,0,0,2
[01:33:00.000,14580,"""",0,0,0,2
[01:33:30.000,14610,"""",0,0,0,W
[01:34:00.000,14640,"""",0,0,0,W
[01:34:30.000,14670,"""",0,0,0,W
[01:35:00.000,14700,"""",0,0,0,W
[01:35:30.000,14730,"""",0,0,0,W
[01:36:00.000,14760,"""",0,0,0,W
[01:36:30.000,14790,"""",0,0,0,W
[01:37:00.000,14820,"""",0,0,0,W
[01:37:30.000,14850,"""",0,0,0,1
[01:38:00.000,14880,"""",0,0,0,2
[01:38:30.000,14910,"""",0,0,0,2
[01:39:00.000,14940,"""",0,0,0,2
[01:39:30.000,14970,"""",0,0,0,2
[01:40:00.000,15000,"""",0,0,0,2
[01:40:30.000,15030,"""",0,0,0,2
[01:41:00.000,15060,"""",0,0,0,2
[01:41:30.000,15090,"""",0,0,0,2
[01:42:00.000,15120,"""",0,0,0,2
[01:42:30.000,15150,"""",0,0,0,2
[01:43:00.000,15180,"""",0,0,0,2
[01:43:30.000,15210,"""",0,0,0,2
[01:44:00.000,15240,"""",0,0,0,2
[01:44:30.000,15270,"""",0,0,0,2
[01:45:00.000,15300,"""",0,0,0,2
[01:45:30.000,15330,"""",0,0,0,2
[01:46:00.000,15360,"""",0,0,0,2
[01:46:30.000,15390,"""",0,0,0,2
[01:47:00.000,15420,"""",0,0,0,2
[01:47:30.000,15450,"""",0,0,0,2
[01:48:00.000,15480,"""",0,0,0,2
[01:48:30.000,15510,"""",0,0,0,2
[01:49:00.000,15540,"""",0,0,0,2
[01:49:30.000,15570,"""",0,0,0,2
[01:50:00.000,15600,"""",0,0,0,2
[01:50:30.000,15630,"""",0,0,0,2
[01:51:00.000,15660,"""",0,0,0,2
[01:51:30.000,15690,"""",0,0,0,2
[01:52:00.000,15720,"""",0,0,0,2
[01:52:30.000,15750,"""",0,0,0,2
[01:53:00.000,15780,"""",0,0,0,2
[01:53:30.000,15810,"""",0,0,0,2
[01:54:00.000,15840,"""",0,0,0,2
[01:54:30.000,15870,"""",0,0,0,2
[01:55:00.000,15900,"""",0,0,0,2
[01:55:30.000,15930,"""",0,0,0,2
[01:56:00.000,15960,"""",0,0,0,2
[01:56:30.000,15990,"""",0,0,0,2
[01:57:00.000,16020,"""",0,0,0,W
[01:57:30.000,16050,"""",0,0,0,2
[01:58:00.000,16080,"""",0,0,0,2
[01:58:30.000,16110,"""",0,0,0,2
[01:59:00.000,16140,"""",0,0,0,2
[01:59:30.000,16170,"""",0,0,0,2
[02:00:00.000,16200,"""",0,0,0,2
[02:00:30.000,16230,"""",0,0,0,2
[02:01:00.000,16260,"""",0,0,0,2
[02:01:30.000,16290,"""",0,0,0,2
[02:02:00.000,16320,"""",0,0,0,2
[02:02:30.000,16350,"""",0,0,0,2
[02:03:00.000,16380,"""",0,0,0,2
[02:03:30.000,16410,"""",0,0,0,2
[02:04:00.000,16440,"""",0,0,0,2
[02:04:30.000,16470,"""",0,0,0,3
[02:05:00.000,16500,"""",0,0,0,2
[02:05:30.000,16530,"""",0,0,0,2
[02:06:00.000,16560,"""",0,0,0,2
[02:06:30.000,16590,"""",0,0,0,2
[02:07:00.000,16620,"""",0,0,0,2
[02:07:30.000,16650,"""",0,0,0,3
[02:08:00.000,16680,"""",0,0,0,2
[02:08:30.000,16710,"""",0,0,0,3
[02:09:00.000,16740,"""",0,0,0,3
[02:09:30.000,16770,"""",0,0,0,3
[02:10:00.000,16800,"""",0,0,0,3
[02:10:30.000,16830,"""",0,0,0,2
[02:11:00.000,16860,"""",0,0,0,3
[02:11:30.000,16890,"""",0,0,0,3
[02:12:00.000,16920,"""",0,0,0,3
[02:12:30.000,16950,"""",0,0,0,3
[02:13:00.000,16980,"""",0,0,0,3
[02:13:30.000,17010,"""",0,0,0,3
[02:14:00.000,17040,"""",0,0,0,3
[02:14:30.000,17070,"""",0,0,0,3
[02:15:00.000,17100,"""",0,0,0,3
[02:15:30.000,17130,"""",0,0,0,2
[02:16:00.000,17160,"""",0,0,0,3
[02:16:30.000,17190,"""",0,0,0,3
[02:17:00.000,17220,"""",0,0,0,3
[02:17:30.000,17250,"""",0,0,0,3
[02:18:00.000,17280,"""",0,0,0,3
[02:18:30.000,17310,"""",0,0,0,3
[02:19:00.000,17340,"""",0,0,0,3
[02:19:30.000,17370,"""",0,0,0,3
[02:20:00.000,17400,"""",0,0,0,3
[02:20:30.000,17430,"""",0,0,0,3
[02:21:00.000,17460,"""",0,0,0,3
[02:21:30.000,17490,"""",0,0,0,3
[02:22:00.000,17520,"""",0,0,0,3
[02:22:30.000,17550,"""",0,0,0,3
[02:23:00.000,17580,"""",0,0,0,3
[02:23:30.000,17610,"""",0,0,0,3
[02:24:00.000,17640,"""",0,0,0,3
[02:24:30.000,17670,"""",0,0,0,3
[02:25:00.000,17700,"""",0,0,0,3
[02:25:30.000,17730,"""",0,0,0,3
[02:26:00.000,17760,"""",0,0,0,3
[02:26:30.000,17790,"""",0,0,0,3
[02:27:00.000,17820,"""",0,0,0,3
[02:27:30.000,17850,"""",0,0,0,3
[02:28:00.000,17880,"""",0,0,0,3
[02:28:30.000,17910,"""",0,0,0,3
[02:29:00.000,17940,"""",0,0,0,3
[02:29:30.000,17970,"""",0,0,0,3
[02:30:00.000,18000,"""",0,0,0,3
[02:30:30.000,18030,"""",0,0,0,R
[02:31:00.000,18060,"""",0,0,0,R
[02:31:30.000,18090,"""",0,0,0,R
[02:32:00.000,18120,"""",0,0,0,R
[02:32:30.000,18150,"""",0,0,0,R
[02:33:00.000,18180,"""",0,0,0,R
[02:33:30.000,18210,"""",0,0,0,R
[02:34:00.000,18240,"""",0,0,0,R
[02:34:30.000,18270,"""",0,0,0,R
[02:35:00.000,18300,"""",0,0,0,R
[02:35:30.000,18330,"""",0,0,0,R
[02:36:00.000,18360,"""",0,0,0,R
[02:36:30.000,18390,"""",0,0,0,R
[02:37:00.000,18420,"""",0,0,0,R
[02:37:30.000,18450,"""",0,0,0,R
[02:38:00.000,18480,"""",0,0,0,R
[02:38:30.000,18510,"""",0,0,0,R
[02:39:00.000,18540,"""",0,0,0,R
[02:39:30.000,18570,"""",0,0,0,R
[02:40:00.000,18600,"""",0,0,0,R
[02:40:30.000,18630,"""",0,0,0,R
[02:41:00.000,18660,"""",0,0,0,R
[02:41:30.000,18690,"""",0,0,0,R
[02:42:00.000,18720,"""",0,0,0,R
[02:42:30.000,18750,"""",0,0,0,R
[02:43:00.000,18780,"""",0,0,0,R
[02:43:30.000,18810,"""",0,0,0,R
[02:44:00.000,18840,"""",0,0,0,R
[02:44:30.000,18870,"""",0,0,0,R
[02:45:00.000,18900,"""",0,0,0,R
[02:45:30.000,18930,"""",0,0,0,R
[02:46:00.000,18960,"""",0,0,0,R
[02:46:30.000,18990,"""",0,0,0,R
[02:47:00.000,19020,"""",0,0,0,R
[02:47:30.000,19050,"""",0,0,0,R
[02:48:00.000,19080,"""",0,0,0,R
[02:48:30.000,19110,"""",0,0,0,R
[02:49:00.000,19140,"""",0,0,0,R
[02:49:30.000,19170,"""",0,0,0,R
[02:50:00.000,19200,"""",0,0,0,R
[02:50:30.000,19230,"""",0,0,0,R
[02:51:00.000,19260,"""",0,0,0,R
[02:51:30.000,19290,"""",0,0,0,R
[02:52:00.000,19320,"""",0,0,0,R
[02:52:30.000,19350,"""",0,0,0,R
[02:53:00.000,19380,"""",0,0,0,R
[02:53:30.000,19410,"""",0,0,0,R
[02:54:00.000,19440,"""",0,0,0,R
[02:54:30.000,19470,"""",0,0,0,R
[02:55:00.000,19500,"""",0,0,0,R
[02:55:30.000,19530,"""",0,0,0,R
[02:56:00.000,19560,"""",0,0,0,R
[02:56:30.000,19590,"""",0,0,0,R
[02:57:00.000,19620,"""",0,0,0,R
[02:57:30.000,19650,"""",0,0,0,R
[02:58:00.000,19680,"""",0,0,0,R
[02:58:30.000,19710,"""",0,0,0,R
[02:59:00.000,19740,"""",0,0,0,R
[02:59:30.000,19770,"""",0,0,0,R
[03:00:00.000,19800,"""",0,0,0,R
[03:00:30.000,19830,"""",0,0,0,R
[03:01:00.000,19860,"""",0,0,0,R
[03:01:30.000,19890,"""",0,0,0,R
[03:02:00.000,19920,"""",0,0,0,R
[03:02:30.000,19950,"""",0,0,0,R
[03:03:00.000,19980,"""",0,0,0,R
[03:03:30.000,20010,"""",0,0,0,R
[03:04:00.000,20040,"""",0,0,0,R
[03:04:30.000,20070,"""",0,0,0,R
[03:05:00.000,20100,"""",0,0,0,R
[03:05:30.000,20130,"""",0,0,0,R
[03:06:00.000,20160,"""",0,0,0,R
[03:06:30.000,20190,"""",0,0,0,2
[03:07:00.000,20220,"""",0,0,0,2
[03:07:30.000,20250,"""",0,0,0,2
[03:08:00.000,20280,"""",0,0,0,2
[03:08:30.000,20310,"""",0,0,0,2
[03:09:00.000,20340,"""",0,0,0,2
[03:09:30.000,20370,"""",0,0,0,2
[03:10:00.000,20400,"""",0,0,0,2
[03:10:30.000,20430,"""",0,0,0,2
[03:11:00.000,20460,"""",0,0,0,2
[03:11:30.000,20490,"""",0,0,0,2
[03:12:00.000,20520,"""",0,0,0,2
[03:12:30.000,20550,"""",0,0,0,2
[03:13:00.000,20580,"""",0,0,0,2
[03:13:30.000,20610,"""",0,0,0,2
[03:14:00.000,20640,"""",0,0,0,2
[03:14:30.000,20670,"""",0,0,0,2
[03:15:00.000,20700,"""",0,0,0,2
[03:15:30.000,20730,"""",0,0,0,2
[03:16:00.000,20760,"""",0,0,0,2
[03:16:30.000,20790,"""",0,0,0,2
[03:17:00.000,20820,"""",0,0,0,2
[03:17:30.000,20850,"""",0,0,0,2
[03:18:00.000,20880,"""",0,0,0,2
[03:18:30.000,20910,"""",0,0,0,2
[03:19:00.000,20940,"""",0,0,0,2
[03:19:30.000,20970,"""",0,0,0,2
[03:20:00.000,21000,"""",0,0,0,2
[03:20:30.000,21030,"""",0,0,0,2
[03:21:00.000,21060,"""",0,0,0,2
[03:21:30.000,21090,"""",0,0,0,2
[03:22:00.000,21120,"""",0,0,0,2
[03:22:30.000,21150,"""",0,0,0,2
[03:23:00.000,21180,"""",0,0,0,2
[03:23:30.000,21210,"""",0,0,0,2
[03:24:00.000,21240,"""",0,0,0,2
[03:24:30.000,21270,"""",0,0,0,2
[03:25:00.000,21300,"""",0,0,0,2
[03:25:30.000,21330,"""",0,0,0,2
[03:26:00.000,21360,"""",0,0,0,2
[03:26:30.000,21390,"""",0,0,0,2
[03:27:00.000,21420,"""",0,0,0,2
[03:27:30.000,21450,"""",0,0,0,2
[03:28:00.000,21480,"""",0,0,0,2
[03:28:30.000,21510,"""",0,0,0,2
[03:29:00.000,21540,"""",0,0,0,2
[03:29:30.000,21570,"""",0,0,0,2
[03:30:00.000,21600,"""",0,0,0,2
[03:30:30.000,21630,"""",0,0,0,2
[03:31:00.000,21660,"""",0,0,0,2
[03:31:30.000,21690,"""",0,0,0,2
[03:32:00.000,21720,"""",0,0,0,2
[03:32:30.000,21750,"""",0,0,0,2
[03:33:00.000,21780,"""",0,0,0,2
[03:33:30.000,21810,"""",0,0,0,2
[03:34:00.000,21840,"""",0,0,0,2
[03:34:30.000,21870,"""",0,0,0,2
[03:35:00.000,21900,"""",0,0,0,2
[03:35:30.000,21930,"""",0,0,0,2
[03:36:00.000,21960,"""",0,0,0,2
[03:36:30.000,21990,"""",0,0,0,2
[03:37:00.000,22020,"""",0,0,0,2
[03:37:30.000,22050,"""",0,0,0,2
[03:38:00.000,22080,"""",0,0,0,2
[03:38:30.000,22110,"""",0,0,0,2
[03:39:00.000,22140,"""",0,0,0,2
[03:39:30.000,22170,"""",0,0,0,2
[03:40:00.000,22200,"""",0,0,0,2
[03:40:30.000,22230,"""",0,0,0,2
[03:41:00.000,22260,"""",0,0,0,2
[03:41:30.000,22290,"""",0,0,0,2
[03:42:00.000,22320,"""",0,0,0,2
[03:42:30.000,22350,"""",0,0,0,2
[03:43:00.000,22380,"""",0,0,0,2
[03:43:30.000,22410,"""",0,0,0,3
[03:44:00.000,22440,"""",0,0,0,2
[03:44:30.000,22470,"""",0,0,0,2
[03:45:00.000,22500,"""",0,0,0,2
[03:45:30.000,22530,"""",0,0,0,2
[03:46:00.000,22560,"""",0,0,0,2
[03:46:30.000,22590,"""",0,0,0,2
[03:47:00.000,22620,"""",0,0,0,3
[03:47:30.000,22650,"""",0,0,0,3
[03:48:00.000,22680,"""",0,0,0,2
[03:48:30.000,22710,"""",0,0,0,2
[03:49:00.000,22740,"""",0,0,0,2
[03:49:30.000,22770,"""",0,0,0,2
[03:50:00.000,22800,"""",0,0,0,3
[03:50:30.000,22830,"""",0,0,0,2
[03:51:00.000,22860,"""",0,0,0,2
[03:51:30.000,22890,"""",0,0,0,2
[03:52:00.000,22920,"""",0,0,0,2
[03:52:30.000,22950,"""",0,0,0,2
[03:53:00.000,22980,"""",0,0,0,2
[03:53:30.000,23010,"""",0,0,0,2
[03:54:00.000,23040,"""",0,0,0,2
[03:54:30.000,23070,"""",0,0,0,2
[03:55:00.000,23100,"""",0,0,0,2
[03:55:30.000,23130,"""",0,0,0,3
[03:56:00.000,23160,"""",0,0,0,2
[03:56:30.000,23190,"""",0,0,0,2
[03:57:00.000,23220,"""",0,0,0,2
[03:57:30.000,23250,"""",0,0,0,2
[03:58:00.000,23280,"""",0,0,0,2
[03:58:30.000,23310,"""",0,0,0,2
[03:59:00.000,23340,"""",0,0,0,2
[03:59:30.000,23370,"""",0,0,0,2
[04:00:00.000,23400,"""",0,0,0,2
[04:00:30.000,23430,"""",0,0,0,2
[04:01:00.000,23460,"""",0,0,0,2
[04:01:30.000,23490,"""",0,0,0,2
[04:02:00.000,23520,"""",0,0,0,2
[04:02:30.000,23550,"""",0,0,0,2
[04:03:00.000,23580,"""",0,0,0,2
[04:03:30.000,23610,"""",0,0,0,2
[04:04:00.000,23640,"""",0,0,0,2
[04:04:30.000,23670,"""",0,0,0,2
[04:05:00.000,23700,"""",0,0,0,3
[04:05:30.000,23730,"""",0,0,0,2
[04:06:00.000,23760,"""",0,0,0,2
[04:06:30.000,23790,"""",0,0,0,2
[04:07:00.000,23820,"""",0,0,0,2
[04:07:30.000,23850,"""",0,0,0,2
[04:08:00.000,23880,"""",0,0,0,2
[04:08:30.000,23910,"""",0,0,0,2
[04:09:00.000,23940,"""",0,0,0,2
[04:09:30.000,23970,"""",0,0,0,2
[04:10:00.000,24000,"""",0,0,0,3
[04:10:30.000,24030,"""",0,0,0,2
[04:11:00.000,24060,"""",0,0,0,2
[04:11:30.000,24090,"""",0,0,0,2
[04:12:00.000,24120,"""",0,0,0,2
[04:12:30.000,24150,"""",0,0,0,2
[04:13:00.000,24180,"""",0,0,0,2
[04:13:30.000,24210,"""",0,0,0,2
[04:14:00.000,24240,"""",0,0,0,2
[04:14:30.000,24270,"""",0,0,0,2
[04:15:00.000,24300,"""",0,0,0,R
[04:15:30.000,24330,"""",0,0,0,R
[04:16:00.000,24360,"""",0,0,0,R
[04:16:30.000,24390,"""",0,0,0,R
[04:17:00.000,24420,"""",0,0,0,R
[04:17:30.000,24450,"""",0,0,0,R
[04:18:00.000,24480,"""",0,0,0,R
[04:18:30.000,24510,"""",0,0,0,R
[04:19:00.000,24540,"""",0,0,0,R
[04:19:30.000,24570,"""",0,0,0,R
[04:20:00.000,24600,"""",0,0,0,R
[04:20:30.000,24630,"""",0,0,0,R
[04:21:00.000,24660,"""",0,0,0,R
[04:21:30.000,24690,"""",0,0,0,R
[04:22:00.000,24720,"""",0,0,0,R
[04:22:30.000,24750,"""",0,0,0,R
[04:23:00.000,24780,"""",0,0,0,R
[04:23:30.000,24810,"""",0,0,0,R
[04:24:00.000,24840,"""",0,0,0,R
[04:24:30.000,24870,"""",0,0,0,R
[04:25:00.000,24900,"""",0,0,0,R
[04:25:30.000,24930,"""",0,0,0,R
[04:26:00.000,24960,"""",0,0,0,R
[04:26:30.000,24990,"""",0,0,0,R
[04:27:00.000,25020,"""",0,0,0,R
[04:27:30.000,25050,"""",0,0,0,R
[04:28:00.000,25080,"""",0,0,0,R
[04:28:30.000,25110,"""",0,0,0,R
[04:29:00.000,25140,"""",0,0,0,R
[04:29:30.000,25170,"""",0,0,0,R
[04:30:00.000,25200,"""",0,0,0,R
[04:30:30.000,25230,"""",0,0,0,W
[04:31:00.000,25260,"""",0,0,0,1
[04:31:30.000,25290,"""",0,0,0,1
[04:32:00.000,25320,"""",0,0,0,1
[04:32:30.000,25350,"""",0,0,0,2
[04:33:00.000,25380,"""",0,0,0,2
[04:33:30.000,25410,"""",0,0,0,2
[04:34:00.000,25440,"""",0,0,0,2
[04:34:30.000,25470,"""",0,0,0,2
[04:35:00.000,25500,"""",0,0,0,2
[04:35:30.000,25530,"""",0,0,0,2
[04:36:00.000,25560,"""",0,0,0,R
[04:36:30.000,25590,"""",0,0,0,R
[04:37:00.000,25620,"""",0,0,0,R
[04:37:30.000,25650,"""",0,0,0,R
[04:38:00.000,25680,"""",0,0,0,R
[04:38:30.000,25710,"""",0,0,0,R
[04:39:00.000,25740,"""",0,0,0,R
[04:39:30.000,25770,"""",0,0,0,R
[04:40:00.000,25800,"""",0,0,0,2
[04:40:30.000,25830,"""",0,0,0,2
[04:41:00.000,25860,"""",0,0,0,2
[04:41:30.000,25890,"""",0,0,0,2
[04:42:00.000,25920,"""",0,0,0,2
[04:42:30.000,25950,"""",0,0,0,2
[04:43:00.000,25980,"""",0,0,0,2
[04:43:30.000,26010,"""",0,0,0,2
[04:44:00.000,26040,"""",0,0,0,2
[04:44:30.000,26070,"""",0,0,0,2
[04:45:00.000,26100,"""",0,0,0,2
[04:45:30.000,26130,"""",0,0,0,2
[04:46:00.000,26160,"""",0,0,0,2
[04:46:30.000,26190,"""",0,0,0,2
[04:47:00.000,26220,"""",0,0,0,2
[04:47:30.000,26250,"""",0,0,0,2
[04:48:00.000,26280,"""",0,0,0,2
[04:48:30.000,26310,"""",0,0,0,2
[04:49:00.000,26340,"""",0,0,0,2
[04:49:30.000,26370,"""",0,0,0,2
[04:50:00.000,26400,"""",0,0,0,2
[04:50:30.000,26430,"""",0,0,0,2
[04:51:00.000,26460,"""",0,0,0,2
[04:51:30.000,26490,"""",0,0,0,2
[04:52:00.000,26520,"""",0,0,0,2
[04:52:30.000,26550,"""",0,0,0,2
[04:53:00.000,26580,"""",0,0,0,2
[04:53:30.000,26610,"""",0,0,0,2
[04:54:00.000,26640,"""",0,0,0,2
[04:54:30.000,26670,"""",0,0,0,2
[04:55:00.000,26700,"""",0,0,0,W
[04:55:30.000,26730,"""",0,0,0,W
[04:56:00.000,26760,"""",0,0,0,W
[04:56:30.000,26790,"""",0,0,0,W
[04:57:00.000,26820,"""",0,0,0,W
[04:57:30.000,26850,"""",0,0,0,W
[04:58:00.000,26880,"""",0,0,0,W
[04:58:30.000,26910,"""",0,0,0,W
[04:59:00.000,26940,"""",0,0,0,W
[04:59:30.000,26970,"""",0,0,0,W
[05:00:00.000,27000,"""",0,0,0,W
[05:00:30.000,27030,"""",0,0,0,W
[05:01:00.000,27060,"""",0,0,0,W
[05:01:30.000,27090,"""",0,0,0,W
[05:02:00.000,27120,"""",0,0,0,W
[05:02:30.000,27150,"""",0,0,0,W
[05:03:00.000,27180,"""",0,0,0,W
[05:03:30.000,27210,"""",0,0,0,W
[05:04:00.000,27240,"""",0,0,0,W
[05:04:30.000,27270,"""",0,0,0,W
[05:05:00.000,27300,"""",0,0,0,W
[05:05:30.000,27330,"""",0,0,0,W
[05:06:00.000,27360,"""",0,0,0,W
[05:06:30.000,27390,"""",0,0,0,W
[05:07:00.000,27420,"""",0,0,0,W
[05:07:30.000,27450,"""",0,0,0,W
[05:08:00.000,27480,"""",0,0,0,W
[05:08:30.000,27510,"""",0,0,0,W
[05:09:00.000,27540,"""",0,0,0,W
[05:09:30.000,27570,"""",0,0,0,W
[05:10:00.000,27600,"""",0,0,0,W
[05:10:30.000,27630,"""",0,0,0,W
[05:11:00.000,27660,"""",0,0,0,W
[05:11:30.000,27690,"""",0,0,0,W
[05:12:00.000,27720,"""",0,0,0,W
[05:12:30.000,27750,"""",0,0,0,W
[05:13:00.000,27780,"""",0,0,0,W
[05:13:30.000,27810,"""",0,0,0,W
[05:14:00.000,27840,"""",0,0,0,W
[05:14:30.000,27870,"""",0,0,0,W
[05:15:00.000,27900,"""",0,0,0,W
[05:15:30.000,27930,"""",0,0,0,W
[05:16:00.000,27960,"""",0,0,0,W
[05:16:30.000,27990,"""",0,0,0,W
[05:17:00.000,28020,"""",0,0,0,W
[05:17:30.000,28050,"""",0,0,0,W
[05:18:00.000,28080,"""",0,0,0,W
[05:18:30.000,28110,"""",0,0,0,W
[05:19:00.000,28140,"""",0,0,0,W
[05:19:30.000,28170,"""",0,0,0,W
[05:20:00.000,28200,"""",0,0,0,W
[05:20:30.000,28230,"""",0,0,0,W
[05:21:00.000,28260,"""",0,0,0,W
[05:21:30.000,28290,"""",0,0,0,W
[05:22:00.000,28320,"""",0,0,0,W
[05:22:30.000,28350,"""",0,0,0,W
[05:23:00.000,28380,"""",0,0,0,W
[05:23:30.000,28410,"""",0,0,0,W
[05:24:00.000,28440,"""",0,0,0,W
[05:24:30.000,28470,"""",0,0,0,W
[05:25:00.000,28500,"""",0,0,0,W
[05:25:30.000,28530,"""",0,0,0,W
[05:26:00.000,28560,"""",0,0,0,W
[05:26:30.000,28590,"""",0,0,0,W
[05:27:00.000,28620,"""",0,0,0,1
[05:27:30.000,28650,"""",0,0,0,1
[05:28:00.000,28680,"""",0,0,0,W
[05:28:30.000,28710,"""",0,0,0,W
[05:29:00.000,28740,"""",0,0,0,W
[05:29:30.000,28770,"""",0,0,0,W
[05:30:00.000,28800,"""",0,0,0,1
[05:30:30.000,28830,"""",0,0,0,W
[05:31:00.000,28860,"""",0,0,0,W
[05:31:30.000,28890,"""",0,0,0,W
[05:32:00.000,28920,"""",0,0,0,W
[05:32:30.000,28950,"""",0,0,0,W
[05:33:00.000,28980,"""",0,0,0,W
[05:33:30.000,29010,"""",0,0,0,1
[05:34:00.000,29040,"""",0,0,0,1
[05:34:30.000,29070,"""",0,0,0,2
[05:35:00.000,29100,"""",0,0,0,W
[05:35:30.000,29130,"""",0,0,0,1
[05:36:00.000,29160,"""",0,0,0,2
[05:36:30.000,29190,"""",0,0,0,W
[05:37:00.000,29220,"""",0,0,0,W
[05:37:30.000,29250,"""",0,0,0,W
[05:38:00.000,29280,"""",0,0,0,W
[05:38:30.000,29310,"""",0,0,0,1
[05:39:00.000,29340,"""",0,0,0,2
[05:39:30.000,29370,"""",0,0,0,W
[05:40:00.000,29400,"""",0,0,0,W
[05:40:30.000,29430,"""",0,0,0,1
[05:41:00.000,29460,"""",0,0,0,1
[05:41:30.000,29490,"""",0,0,0,1
[05:42:00.000,29520,"""",0,0,0,2
[05:42:30.000,29550,"""",0,0,0,W
[05:43:00.000,29580,"""",0,0,0,2
[05:43:30.000,29610,"""",0,0,0,2
[05:44:00.000,29640,"""",0,0,0,2
[05:44:30.000,29670,"""",0,0,0,2
[05:45:00.000,29700,"""",0,0,0,2
[05:45:30.000,29730,"""",0,0,0,2
[05:46:00.000,29760,"""",0,0,0,2
[05:46:30.000,29790,"""",0,0,0,2
[05:47:00.000,29820,"""",0,0,0,2
[05:47:30.000,29850,"""",0,0,0,2
[05:48:00.000,29880,"""",0,0,0,2
[05:48:30.000,29910,"""",0,0,0,2
[05:49:00.000,29940,"""",0,0,0,2
[05:49:30.000,29970,"""",0,0,0,2
[05:50:00.000,30000,"""",0,0,0,W
[05:50:30.000,30030,"""",0,0,0,2
[05:51:00.000,30060,"""",0,0,0,2
[05:51:30.000,30090,"""",0,0,0,2
[05:52:00.000,30120,"""",0,0,0,2
[05:52:30.000,30150,"""",0,0,0,2
[05:53:00.000,30180,"""",0,0,0,2
[05:53:30.000,30210,"""",0,0,0,2
[05:54:00.000,30240,"""",0,0,0,2
[05:54:30.000,30270,"""",0,0,0,2
[05:55:00.000,30300,"""",0,0,0,2
[05:55:30.000,30330,"""",0,0,0,2
[05:56:00.000,30360,"""",0,0,0,2
[05:56:30.000,30390,"""",0,0,0,2
[05:57:00.000,30420,"""",0,0,0,2
[05:57:30.000,30450,"""",0,0,0,2
[05:58:00.000,30480,"""",0,0,0,2
[05:58:30.000,30510,"""",0,0,0,2
[05:59:00.000,30540,"""",0,0,0,2
[05:59:30.000,30570,"""",0,0,0,R
[06:00:00.000,30600,"""",0,0,0,R
[06:00:30.000,30630,"""",0,0,0,R
[06:01:00.000,30660,"""",0,0,0,R
[06:01:30.000,30690,"""",0,0,0,R
[06:02:00.000,30720,"""",0,0,0,R
[06:02:30.000,30750,"""",0,0,0,R
[06:03:00.000,30780,"""",0,0,0,R
[06:03:30.000,30810,"""",0,0,0,R
[06:04:00.000,30840,"""",0,0,0,R
[06:04:30.000,30870,"""",0,0,0,R
[06:05:00.000,30900,"""",0,0,0,R
[06:05:30.000,30930,"""",0,0,0,R
[06:06:00.000,30960,"""",0,0,0,R
[06:06:30.000,30990,"""",0,0,0,R
[06:07:00.000,31020,"""",0,0,0,R
[06:07:30.000,31050,"""",0,0,0,R
[06:08:00.000,31080,"""",0,0,0,R
[06:08:30.000,31110,"""",0,0,0,R
[06:09:00.000,31140,"""",0,0,0,R
[06:09:30.000,31170,"""",0,0,0,R
[06:10:00.000,31200,"""",0,0,0,R
[06:10:30.000,31230,"""",0,0,0,R
[06:11:00.000,31260,"""",0,0,0,R
[06:11:30.000,31290,"""",0,0,0,R
[06:12:00.000,31320,"""",0,0,0,R
[06:12:30.000,31350,"""",0,0,0,R
[06:13:00.000,31380,"""",0,0,0,R
[06:13:30.000,31410,"""",0,0,0,R
[06:14:00.000,31440,"""",0,0,0,R
[06:14:30.000,31470,"""",0,0,0,R
[06:15:00.000,31500,"""",0,0,0,R
[06:15:30.000,31530,"""",0,0,0,R
[06:16:00.000,31560,"""",0,0,0,R
[06:16:30.000,31590,"""",0,0,0,R
[06:17:00.000,31620,"""",0,0,0,R
[06:17:30.000,31650,"""",0,0,0,R
[06:18:00.000,31680,"""",0,0,0,R
[06:18:30.000,31710,"""",0,0,0,R
[06:19:00.000,31740,"""",0,0,0,R
[06:19:30.000,31770,"""",0,0,0,R
[06:20:00.000,31800,"""",0,0,0,R
[06:20:30.000,31830,"""",0,0,0,R
[06:21:00.000,31860,"""",0,0,0,R
[06:21:30.000,31890,"""",0,0,0,R
[06:22:00.000,31920,"""",0,0,0,R
[06:22:30.000,31950,"""",0,0,0,R
[06:23:00.000,31980,"""",0,0,0,R
[06:23:30.000,32010,"""",0,0,0,R
[06:24:00.000,32040,"""",0,0,0,R
[06:24:30.000,32070,"""",0,0,0,R
[06:25:00.000,32100,"""",0,0,0,R
[06:25:30.000,32130,"""",0,0,0,R
[06:26:00.000,32160,"""",0,0,0,R
[06:26:30.000,32190,"""",0,0,0,R
[06:27:00.000,32220,"""",0,0,0,R
[06:27:30.000,32250,"""",0,0,0,R
[06:28:00.000,32280,"""",0,0,0,R
[06:28:30.000,32310,"""",0,0,0,R
[06:29:00.000,32340,"""",0,0,0,R
[06:29:30.000,32370,"""",0,0,0,R
